product_id,product_name,category,sub_category,unit_price,weight_kg,supplier_id
PROD00001,Team Sports Item 1,Sports,Team Sports,6735.55,13.88,SUP0013
PROD00002,Bags Item 2,fashion,Bags,2149.16,8.09,SUP0029
PROD00003,non-fiction item 3,BOOKS,non-fiction,1908.75,7.79,SUP0052
PROD00004,Dairy Item 4,Grocery,Dairy,952.05,6.14,SUP0042
PROD00005,Cameras Item 5,Electronics,Cameras,13521.05,3.38,SUP0030
PROD00006,dairy item 6,Grocery,Dairy,1362.15,11.28,SUP0049
PROD00007,Cycling Item 7,sports,cycling,2862.81,3.5,SUP0015
PROD00008,Personal Care Item 8,Grocery,PERSONAL CARE,1252.68,0.54,SUP0057
PROD00009,decor item 9,Home & Kitchen,Decor,14308.44,5.55,SUP0015
PROD00010,Comics Item 10,BOOKS,Comics,1823.07,16.59,SUP0006
PROD00011,Headphones Item 11,Electronics,HEADPHONES,23056.68,6.34,SUP0006
PROD00012,Furniture Item 12,HOME & KITCHEN,Furniture,₹9828.56,3.85,SUP0009
PROD00013,Staples Item 13,Grocery,Staples,1126.93,2.75,SUP0002
PROD00014,PERSONAL CARE ITEM 14,Grocery,Personal Care,1249.25,17.12,SUP0052
PROD00015,Appliances Item 15,Home & Kitchen,appliances,7663.52,24.02,SUP0041
PROD00016,bags item 16,Fashion,bags,1496.4,6.75,SUP0055
PROD00017,Beverages Item 17,Grocery,Beverages,517.87,8.9,SUP0017
PROD00018,Appliances Item 18,HOME & KITCHEN,appliances,1421.35,16.17,SUP0032
PROD00019,Beverages Item 19,grocery,Beverages,805.76,17.59,SUP0018
PROD00020,cookware item 20,HOME & KITCHEN,cookware,10398.93,19.02,SUP0039
PROD00021,Footwear Item 21,FASHION,FOOTWEAR,267.91,3.2,SUP0056
PROD00022,Storage Item 22,HOME & KITCHEN,STORAGE,-14487.64,12.32,SUP0037
PROD00023,Team Sports Item 23,Sports,Team Sports,6042.04,9.54,SUP0059
PROD00024,Appliances Item 24,home & kitchen,Appliances,11140.33,3.97,SUP0012
PROD00025,Children Item 25,Books,Children,234.31,6.65,SUP0051
PROD00026,Snacks Item 26,Grocery,Snacks,1243.41,18.74,SUP0037
PROD00027,storage item 27,Home & Kitchen,Storage,7482.86,6.3,SUP0006
PROD00028,Fitness Item 28,Sports,Fitness,7611.43,22.91,SUP0012
PROD00029,Cameras Item 29,ELECTRONICS,CAMERAS,21203.68,23.63,SUP0053
PROD00030,Decor Item 30,Home & Kitchen,Decor,12993.92,1.4,SUP0034
PROD00031,laptops item 31,Electronics,Laptops,16389.85,19.99,SUP0046
PROD00032,Laptops Item 32,Electronics,Laptops,59539.3,12.75,SUP0018
PROD00033,Dairy Item 33,Grocery,Dairy,1124.51,21.37,SUP0022
PROD00034,Decor Item 34,Home & Kitchen,decor,9950.12,19.08,SUP0025
PROD00035,Non-Fiction Item 35,Books,non-fiction,1439.64,9.68,SUP0043
PROD00036,Laptops Item 36,Electronics,LAPTOPS,30386.32,18.07,SUP0027
PROD00037,Decor Item 37,Home & Kitchen,DECOR,1342.68,15.69,SUP0057
PROD00038,laptops item 38,electronics,LAPTOPS,38054.08,21.82,SUP0029
PROD00039,Cookware Item 39,Home & Kitchen,Cookware,2311.71,2.02,SUP0056
PROD00040,Outdoor Item 40,Sports,Outdoor,9009.3,13.69,SUP0005
PROD00041,Comics Item 41,books,Comics,301.75,9.01,SUP0019
PROD00042,Comics Item 42,books,Comics,1251.78,22.61,SUP0019
PROD00043,Women Clothing Item 43,FASHION,Women Clothing,3453.27,16.18,SUP0020
PROD00044,Men Clothing Item 44,fashion,Men Clothing,1768.25,12.57,SUP0018
PROD00045,Staples Item 45,Grocery,Staples,1445.08,18.12,SUP0003
PROD00046,Cameras Item 46,Electronics,Cameras,1328.16,23.51,SUP0007
PROD00047,TEAM SPORTS ITEM 47,Sports,TEAM SPORTS,9112.0,3.54,SUP0040
PROD00048,Bags Item 48,Fashion,Bags,2377.49,3.91,SUP0027
PROD00049,Cookware Item 49,Home & Kitchen,cookware,6753.73,22.55,SUP0042
PROD00050,CAMERAS ITEM 50,Electronics,cameras,5954.57,19.69,SUP0014
PROD00051,WOMEN CLOTHING ITEM 51,Fashion,WOMEN CLOTHING,908.26,6.3,SUP0012
PROD00052,Furniture Item 52,HOME & KITCHEN,Furniture,-4090.71,11.23,SUP0024
PROD00053,Fitness Item 53,Sports,Fitness,6504.74,21.19,SUP0028
PROD00054,Mobiles Item 54,Electronics,MOBILES,19665.65,14.95,SUP0019
PROD00055,Fiction Item 55,Books,Fiction,957.41,8.51,SUP0030
PROD00056,DECOR ITEM 56,HOME & KITCHEN,Decor,13856.33,18.48,SUP0052
PROD00057,Team Sports Item 57,Sports,team sports,,7.23,SUP0020
PROD00058,Comics Item 58,Books,Comics,1190.36,21.14,SUP0003
PROD00059,Fitness Item 59,Sports,Fitness,2878.05,8.81,SUP0012
PROD00060,MEN CLOTHING ITEM 60,FASHION,men clothing,2746.32,23.54,SUP0039
PROD00061,FITNESS ITEM 61,Sports,Fitness,4532.03,2.89,SUP0028
PROD00062,TEAM SPORTS ITEM 62,Sports,Team Sports,3153.91,6.43,SUP0021
PROD00063,Watches Item 63,Fashion,Watches,1304.53,10.93,SUP0030
PROD00064,Cycling Item 64,Sports,CYCLING,3382.73,20.81,SUP0059
PROD00065,Dairy Item 65,Grocery,Dairy,1123.79,15.85,SUP0034
PROD00066,Non-Fiction Item 66,Books,Non-Fiction,1345.12,19.33,SUP0032
PROD00067,children item 67,BOOKS,Children,934.99,15.8,SUP0051
PROD00068,Storage Item 68,Home & Kitchen,Storage,12500.69,12.7,SUP0030
PROD00069,Cameras Item 69,Electronics,Cameras,54588.47,20.28,SUP0054
PROD00070,Men Clothing Item 70,FASHION,Men Clothing,2301.24,10.25,SUP0022
PROD00071,Cookware Item 71,HOME & KITCHEN,Cookware,5890.48,3.8,SUP0006
PROD00072,Comics Item 72,Books,Comics,723.43,17.59,SUP0040
PROD00073,COMICS ITEM 73,Books,COMICS,1555.46,25.0,SUP0010
PROD00074,Yoga Item 74,Sports,YOGA,3891.85,19.29,SUP0052
PROD00075,Furniture Item 75,Home & Kitchen,Furniture,11323.01,19.62,SUP0058
PROD00076,Personal Care Item 76,Grocery,Personal Care,639.62,21.83,SUP0004
PROD00077,Accessories Item 77,Electronics,Accessories,51144.38,23.66,SUP0015
PROD00078,Snacks Item 78,GROCERY,snacks,140.78,17.88,SUP0022
PROD00079,Beverages Item 79,GROCERY,beverages,1360.67,23.51,SUP0039
PROD00080,Cookware Item 80,Home & Kitchen,cookware,11939.4,0.46,SUP0033
PROD00081,Accessories Item 81,Electronics,Accessories,21492.55,13.62,SUP0051
PROD00082,Snacks Item 82,Grocery,SNACKS,44.04,15.73,SUP0050
PROD00083,Appliances Item 83,Home & Kitchen,appliances,12481.2,3.41,SUP0046
PROD00084,Laptops Item 84,Electronics,Laptops,"53204.53,00",16.19,SUP0019
PROD00085,Decor Item 85,Home & Kitchen,decor,13358.87,12.43,SUP0032
PROD00086,Cameras Item 86,electronics,Cameras,5196.16,7.7,SUP0039
PROD00087,Snacks Item 87,Grocery,Snacks,,16.8,SUP0026
PROD00088,Laptops Item 88,Electronics,Laptops,50995.82,23.74,SUP0003
PROD00089,Storage Item 89,Home & Kitchen,STORAGE,8012.48,18.41,SUP0032
PROD00090,Storage Item 90,HOME & KITCHEN,Storage,10455.61,4.36,SUP0046
PROD00091,Decor Item 91,HOME & KITCHEN,decor,4461.88,4.39,SUP0024
PROD00092,Women Clothing Item 92,Fashion,Women Clothing,326.16,2.2,SUP0020
PROD00093,Personal Care Item 93,Grocery,Personal Care,970.66,21.96,SUP0050
PROD00094,Watches Item 94,Fashion,Watches,4367.42,5.68,SUP0040
PROD00095,furniture item 95,Home & Kitchen,Furniture,2008.78,23.54,SUP0010
PROD00096,Appliances Item 96,Home & Kitchen,Appliances,1356.16,14.32,SUP0040
PROD00097,Decor Item 97,HOME & KITCHEN,Decor,10322.11,12.13,SUP0014
PROD00098,DECOR ITEM 98,Home & Kitchen,Decor,5652.52,6.24,SUP0007
PROD00099,Beverages Item 99,Grocery,BEVERAGES,1401.95,24.9,SUP0030
PROD00100,Dairy Item 100,Grocery,Dairy,92.01,16.83,SUP0019
PROD00101,Decor Item 101,Home & Kitchen,Decor,6098.64,12.63,SUP0049
PROD00102,Fitness Item 102,SPORTS,FITNESS,5666.75,15.08,SUP0026
PROD00103,storage item 103,Home & Kitchen,Storage,13413.01,15.43,SUP0054
PROD00104,Cycling Item 104,Sports,Cycling,6803.3,19.93,SUP0047
PROD00105,appliances item 105,Home & Kitchen,Appliances,8815.32,3.74,SUP0044
PROD00106,MEN CLOTHING ITEM 106,FASHION,men clothing,2210.15,21.22,SUP0047
PROD00107,Storage Item 107,home & kitchen,Storage,2721.76,18.04,SUP0042
PROD00108,Footwear Item 108,Fashion,Footwear,1279.36,7.96,SUP0023
PROD00109,Cookware Item 109,Home & Kitchen,Cookware,13452.04,1.1,SUP0042
PROD00110,Storage Item 110,Home & Kitchen,Storage,4176.32,6.02,SUP0004
PROD00111,Mobiles Item 111,Electronics,Mobiles,25091.43,10.2,SUP0060
PROD00112,decor item 112,Home & Kitchen,decor,11565.57,0.98,SUP0059
PROD00113,Cameras Item 113,electronics,Cameras,47383.66,15.09,SUP0060
PROD00114,Yoga Item 114,SPORTS,Yoga,2089.55,11.5,SUP0017
PROD00115,appliances item 115,HOME & KITCHEN,Appliances,9222.67,10.05,SUP0007
PROD00116,men clothing item 116,Fashion,Men Clothing,₹1330.5,16.36,SUP0045
PROD00117,watches item 117,FASHION,watches,4630.91,9.22,SUP0015
PROD00118,Children Item 118,BOOKS,Children,1668.47,17.02,SUP0039
PROD00119,Academic Item 119,Books,Academic,1187.71,8.24,SUP0034
PROD00120,Snacks Item 120,Grocery,Snacks,215.28,16.84,SUP0020
PROD00121,non-fiction item 121,books,NON-FICTION,-1875.64,23.35,SUP0003
PROD00122,Comics Item 122,Books,comics,251.56,21.87,SUP0009
PROD00123,Cycling Item 123,sports,Cycling,422.81,13.63,SUP0035
PROD00124,footwear item 124,FASHION,FOOTWEAR,4401.0,22.23,SUP0016
PROD00125,Fitness Item 125,Sports,Fitness,7592.98,24.84,SUP0015
PROD00126,Team Sports Item 126,Sports,Team Sports,4252.89,14.81,SUP0048
PROD00127,Snacks Item 127,grocery,snacks,1182.99,9.44,SUP0049
PROD00128,NON-FICTION ITEM 128,Books,Non-Fiction,353.91,5.12,SUP0042
PROD00129,Outdoor Item 129,Sports,Outdoor,913.29,16.8,SUP0014
PROD00130,laptops item 130,Electronics,laptops,56261.01,5.15,SUP0059
PROD00131,Dairy Item 131,Grocery,Dairy,1326.56,19.05,SUP0021
PROD00132,Outdoor Item 132,Sports,Outdoor,7256.12,5.79,SUP0037
PROD00133,Academic Item 133,books,Academic,418.81,4.27,SUP0047
PROD00134,Fiction Item 134,BOOKS,Fiction,111.14,15.79,SUP0005
PROD00135,Cookware Item 135,Home & Kitchen,cookware,9305.31,0.35,SUP0034
PROD00136,Cycling Item 136,SPORTS,Cycling,1659.2,20.39,SUP0018
PROD00137,Dairy Item 137,Grocery,DAIRY,1245.53,0.84,SUP0026
PROD00138,laptops item 138,Electronics,Laptops,5419.82,22.98,SUP0015
PROD00139,staples item 139,GROCERY,Staples,1350.98,7.9,SUP0042
PROD00140,Snacks Item 140,Grocery,Snacks,1277.17,18.51,SUP0051
PROD00141,cookware item 141,Home & Kitchen,Cookware,1278.87,8.19,SUP0041
PROD00142,appliances item 142,Home & Kitchen,Appliances,10243.47,17.84,SUP0006
PROD00143,Watches Item 143,Fashion,WATCHES,711.44,4.73,SUP0029
PROD00144,Headphones Item 144,Electronics,Headphones,33476.08,18.13,SUP0036
PROD00145,watches item 145,fashion,Watches,1490.81,19.58,SUP0024
PROD00146,Yoga Item 146,Sports,Yoga,3455.73,8.27,SUP0022
PROD00147,Outdoor Item 147,Sports,outdoor,1940.85,18.39,SUP0041
PROD00148,Staples Item 148,Grocery,staples,854.5,13.77,SUP0040
PROD00149,Cookware Item 149,Home & Kitchen,Cookware,6225.75,17.9,SUP0051
PROD00150,Cycling Item 150,SPORTS,Cycling,560.3,20.32,SUP0039
PROD00151,ACADEMIC ITEM 151,books,Academic,1936.91,19.92,SUP0007
PROD00152,Yoga Item 152,sports,Yoga,7768.95,8.66,SUP0002
PROD00153,Mobiles Item 153,Electronics,Mobiles,49963.41,2.49,SUP0047
PROD00154,Fiction Item 154,Books,fiction,1506.67,13.82,SUP0022
PROD00155,beverages item 155,Grocery,Beverages,1111.33,0.16,SUP0014
PROD00156,Accessories Item 156,Electronics,Accessories,6554.25,13.22,SUP0041
PROD00157,HEADPHONES ITEM 157,Electronics,headphones,21443.1,16.82,SUP0021
PROD00158,Non-Fiction Item 158,Books,NON-FICTION,1307.09,16.15,SUP0012
PROD00159,Storage Item 159,Home & Kitchen,Storage,14284.85,16.34,SUP0027
PROD00160,Beverages Item 160,Grocery,Beverages,452.29,11.46,SUP0048
PROD00161,FITNESS ITEM 161,Sports,Fitness,7616.51,5.5,SUP0028
PROD00162,Cookware Item 162,Home & Kitchen,Cookware,12278.42,20.28,SUP0038
PROD00163,Beverages Item 163,grocery,beverages,1212.05,4.25,SUP0003
PROD00164,Fitness Item 164,Sports,Fitness,2917.77,3.36,SUP0010
PROD00165,Comics Item 165,Books,Comics,1303.53,2.37,SUP0033
PROD00166,Personal Care Item 166,Grocery,Personal Care,1104.43,8.99,SUP0005
PROD00167,WATCHES ITEM 167,Fashion,Watches,4176.05,17.08,SUP0004
PROD00168,mobiles item 168,Electronics,mobiles,55801.26,22.06,SUP0020
PROD00169,ACADEMIC ITEM 169,BOOKS,academic,679.77,5.89,SUP0042
PROD00170,LAPTOPS ITEM 170,Electronics,Laptops,35823.93,17.37,SUP0031
PROD00171,Mobiles Item 171,Electronics,mobiles,19144.41,3.61,SUP0034
PROD00172,Furniture Item 172,Home & Kitchen,Furniture,6263.89,18.82,SUP0038
PROD00173,Women Clothing Item 173,fashion,Women Clothing,604.39,21.2,SUP0043
PROD00174,Watches Item 174,FASHION,Watches,461.93,14.87,SUP0034
PROD00175,FURNITURE ITEM 175,home & kitchen,FURNITURE,6399.82,1.87,SUP0038
PROD00176,CAMERAS ITEM 176,ELECTRONICS,Cameras,30643.33,15.42,SUP0018
PROD00177,BAGS ITEM 177,FASHION,Bags,3014.9,23.84,SUP0016
PROD00178,Dairy Item 178,Grocery,Dairy,1116.17,4.14,SUP0040
PROD00179,FURNITURE ITEM 179,Home & Kitchen,Furniture,13120.88,10.76,SUP0034
PROD00180,CAMERAS ITEM 180,Electronics,CAMERAS,27584.27,14.37,SUP0047
PROD00181,Laptops Item 181,Electronics,Laptops,3235.9,17.86,SUP0042
PROD00182,Academic Item 182,Books,Academic,439.93,24.54,SUP0042
PROD00183,Decor Item 183,Home & Kitchen,decor,5628.45,9.24,SUP0003
PROD00184,Outdoor Item 184,Sports,Outdoor,₹6432.23,8.41,SUP0049
PROD00185,Laptops Item 185,Electronics,Laptops,32023.96,23.04,SUP0058
PROD00186,snacks item 186,Grocery,Snacks,603.64,3.31,SUP0019
PROD00187,Academic Item 187,BOOKS,Academic,1210.53,4.15,SUP0030
PROD00188,Watches Item 188,FASHION,Watches,1472.04,1.06,SUP0054
PROD00189,STORAGE ITEM 189,HOME & KITCHEN,Storage,4013.48,18.71,SUP0016
PROD00190,mobiles item 190,Electronics,MOBILES,4169.32,2.15,SUP0038
PROD00191,Laptops Item 191,Electronics,Laptops,"54198.52,00",11.55,SUP0011
PROD00192,snacks item 192,grocery,Snacks,1364.29,15.37,SUP0040
PROD00193,CYCLING ITEM 193,Sports,Cycling,8869.59,20.06,SUP0051
PROD00194,Dairy Item 194,GROCERY,Dairy,495.97,0.78,SUP0052
PROD00195,Team Sports Item 195,Sports,Team Sports,6637.27,22.94,SUP0004
PROD00196,Staples Item 196,Grocery,Staples,370.1,14.81,SUP0046
PROD00197,Outdoor Item 197,SPORTS,Outdoor,,15.06,SUP0002
PROD00198,Women Clothing Item 198,Fashion,Women Clothing,1051.81,3.58,SUP0008
PROD00199,storage item 199,Home & Kitchen,Storage,4940.66,12.21,SUP0021
PROD00200,Team Sports Item 200,Sports,Team Sports,6947.28,23.72,SUP0040
PROD00201,fitness item 201,Sports,fitness,6468.54,8.31,SUP0005
PROD00202,Headphones Item 202,electronics,Headphones,₹27074.48,9.68,SUP0047
PROD00203,STAPLES ITEM 203,GROCERY,staples,1298.8,1.89,SUP0055
PROD00204,Mobiles Item 204,ELECTRONICS,Mobiles,20837.59,24.63,SUP0058
PROD00205,Bags Item 205,fashion,BAGS,954.1,18.26,SUP0017
PROD00206,DAIRY ITEM 206,grocery,dairy,25.65,12.03,SUP0007
PROD00207,Cameras Item 207,electronics,CAMERAS,50704.26,4.66,SUP0057
PROD00208,Personal Care Item 208,Grocery,Personal Care,243.67,20.21,SUP0027
PROD00209,DAIRY ITEM 209,Grocery,Dairy,722.74,22.57,SUP0046
PROD00210,Yoga Item 210,Sports,Yoga,1838.21,1.11,SUP0006
PROD00211,Non-Fiction Item 211,Books,NON-FICTION,836.78,8.19,SUP0018
PROD00212,Children Item 212,BOOKS,children,1206.67,2.55,SUP0007
PROD00213,Team Sports Item 213,SPORTS,Team Sports,4835.86,15.48,SUP0044
PROD00214,Furniture Item 214,HOME & KITCHEN,Furniture,4138.48,21.08,SUP0055
PROD00215,Footwear Item 215,Fashion,Footwear,2326.93,5.32,SUP0053
PROD00216,Cookware Item 216,home & kitchen,COOKWARE,4770.18,0.77,SUP0013
PROD00217,Cameras Item 217,Electronics,cameras,3508.28,17.05,SUP0016
PROD00218,Dairy Item 218,Grocery,Dairy,₹402.82,1.29,SUP0055
PROD00219,non-fiction item 219,Books,non-fiction,₹1558.16,22.79,SUP0042
PROD00220,Team Sports Item 220,Sports,TEAM SPORTS,8545.54,7.59,SUP0034
PROD00221,team sports item 221,Sports,Team Sports,4921.04,8.16,SUP0018
PROD00222,FURNITURE ITEM 222,Home & Kitchen,furniture,13510.35,17.03,SUP0047
PROD00223,Personal Care Item 223,Grocery,Personal Care,866.62,13.39,SUP0051
PROD00224,Furniture Item 224,Home & Kitchen,Furniture,2839.87,19.08,SUP0012
PROD00225,Footwear Item 225,Fashion,Footwear,4382.87,2.99,SUP0004
PROD00226,Cameras Item 226,Electronics,Cameras,53420.85,3.48,SUP0013
PROD00227,beverages item 227,Grocery,Beverages,741.62,0.17,SUP0018
PROD00228,watches item 228,Fashion,WATCHES,3942.81,0.17,SUP0035
PROD00229,Appliances Item 229,HOME & KITCHEN,APPLIANCES,9456.3,9.62,SUP0038
PROD00230,storage item 230,Home & Kitchen,Storage,5166.85,9.01,SUP0013
PROD00231,Laptops Item 231,electronics,Laptops,13847.12,19.81,SUP0025
PROD00232,Accessories Item 232,electronics,Accessories,59683.47,13.7,SUP0031
PROD00233,HEADPHONES ITEM 233,ELECTRONICS,HEADPHONES,25541.85,12.81,SUP0040
PROD00234,Bags Item 234,Fashion,bags,"1462.37,00",12.43,SUP0014
PROD00235,Mobiles Item 235,Electronics,Mobiles,54459.36,2.58,SUP0017
PROD00236,Storage Item 236,HOME & KITCHEN,Storage,13130.99,2.94,SUP0055
PROD00237,Non-Fiction Item 237,books,Non-Fiction,807.35,2.89,SUP0026
PROD00238,Personal Care Item 238,Grocery,Personal Care,1050.33,10.43,SUP0038
PROD00239,Cycling Item 239,SPORTS,cycling,7327.33,12.23,SUP0057
PROD00240,Cookware Item 240,Home & Kitchen,Cookware,11547.8,8.49,SUP0034
PROD00241,non-fiction item 241,Books,Non-Fiction,1794.81,0.34,SUP0060
PROD00242,Men Clothing Item 242,Fashion,Men Clothing,1739.04,20.44,SUP0006
PROD00243,Personal Care Item 243,Grocery,Personal Care,46.3,20.66,SUP0051
PROD00244,Yoga Item 244,Sports,Yoga,731.9,14.03,SUP0040
PROD00245,SNACKS ITEM 245,grocery,SNACKS,545.61,9.38,SUP0007
PROD00246,Comics Item 246,BOOKS,Comics,967.84,17.93,SUP0007
PROD00247,Children Item 247,Books,Children,₹1931.29,18.42,SUP0036
PROD00248,Outdoor Item 248,Sports,Outdoor,6643.71,22.04,SUP0027
PROD00249,Storage Item 249,Home & Kitchen,Storage,6874.76,7.51,SUP0045
PROD00250,Outdoor Item 250,Sports,Outdoor,6789.26,23.96,SUP0033
PROD00251,APPLIANCES ITEM 251,HOME & KITCHEN,Appliances,10057.28,21.19,SUP0052
PROD00252,Mobiles Item 252,Electronics,Mobiles,12394.19,7.41,SUP0049
PROD00253,Yoga Item 253,Sports,Yoga,7886.21,16.63,SUP0060
PROD00254,Academic Item 254,Books,Academic,1734.71,5.68,SUP0041
PROD00255,Yoga Item 255,Sports,Yoga,9837.84,18.39,SUP0008
PROD00256,Women Clothing Item 256,Fashion,Women Clothing,1424.08,1.32,SUP0060
PROD00257,Yoga Item 257,Sports,Yoga,2001.92,10.43,SUP0035
PROD00258,Academic Item 258,Books,Academic,1166.1,16.25,SUP0008
PROD00259,Yoga Item 259,Sports,Yoga,8002.82,18.11,SUP0002
PROD00260,CYCLING ITEM 260,SPORTS,Cycling,1006.99,19.34,SUP0035
PROD00261,watches item 261,Fashion,Watches,1186.78,1.85,SUP0044
PROD00262,Mobiles Item 262,Electronics,MOBILES,3728.95,15.77,SUP0028
PROD00263,ACCESSORIES ITEM 263,Electronics,Accessories,4262.64,17.16,SUP0039
PROD00264,Snacks Item 264,Grocery,Snacks,598.67,3.64,SUP0044
PROD00265,Academic Item 265,Books,Academic,1187.74,13.71,SUP0006
PROD00266,Furniture Item 266,HOME & KITCHEN,Furniture,7761.41,4.57,SUP0052
PROD00267,Cycling Item 267,SPORTS,Cycling,2134.69,8.96,SUP0043
PROD00268,FOOTWEAR ITEM 268,fashion,footwear,1776.06,23.97,SUP0011
PROD00269,comics item 269,Books,Comics,945.63,12.2,SUP0007
PROD00270,Bags Item 270,Fashion,Bags,3721.01,20.33,SUP0038
PROD00271,TEAM SPORTS ITEM 271,Sports,TEAM SPORTS,3785.02,18.34,SUP0019
PROD00272,Appliances Item 272,Home & Kitchen,Appliances,14465.4,4.02,SUP0037
PROD00273,Comics Item 273,Books,Comics,543.87,12.97,SUP0051
PROD00274,Mobiles Item 274,Electronics,Mobiles,58845.09,13.63,SUP0012
PROD00275,Accessories Item 275,ELECTRONICS,accessories,15469.39,22.18,SUP0001
PROD00276,ACCESSORIES ITEM 276,Electronics,Accessories,38786.88,20.29,SUP0047
PROD00277,OUTDOOR ITEM 277,sports,outdoor,6005.01,22.28,SUP0010
PROD00278,Dairy Item 278,grocery,Dairy,1097.4,15.18,SUP0031
PROD00279,OUTDOOR ITEM 279,Sports,OUTDOOR,2792.3,11.36,SUP0038
PROD00280,Laptops Item 280,Electronics,LAPTOPS,31601.32,15.02,SUP0057
PROD00281,Beverages Item 281,grocery,Beverages,1407.85,21.88,SUP0045
PROD00282,STAPLES ITEM 282,Grocery,Staples,1051.13,5.85,SUP0055
PROD00283,Furniture Item 283,home & kitchen,Furniture,255.64,20.12,SUP0027
PROD00284,decor item 284,Home & Kitchen,Decor,5579.81,19.61,SUP0031
PROD00285,APPLIANCES ITEM 285,Home & Kitchen,Appliances,11076.37,17.5,SUP0011
PROD00286,YOGA ITEM 286,sports,Yoga,251.85,23.15,SUP0028
PROD00287,Fitness Item 287,Sports,fitness,,19.35,SUP0012
PROD00288,Children Item 288,BOOKS,children,"421.19,00",6.02,SUP0001
PROD00289,Staples Item 289,Grocery,Staples,42.74,18.17,SUP0036
PROD00290,Furniture Item 290,HOME & KITCHEN,Furniture,13956.25,1.86,SUP0019
PROD00291,Appliances Item 291,Home & Kitchen,Appliances,10458.75,24.03,SUP0030
PROD00292,SNACKS ITEM 292,Grocery,snacks,346.17,8.86,SUP0035
PROD00293,Cameras Item 293,Electronics,cameras,40585.03,6.76,SUP0040
PROD00294,Non-Fiction Item 294,Books,Non-Fiction,1688.87,19.48,SUP0008
PROD00295,fitness item 295,sports,Fitness,6282.54,22.43,SUP0056
PROD00296,Team Sports Item 296,sports,Team Sports,"4347.12,00",8.71,SUP0056
PROD00297,children item 297,books,Children,717.65,6.53,SUP0036
PROD00298,Decor Item 298,home & kitchen,DECOR,6373.53,14.31,SUP0003
PROD00299,Furniture Item 299,Home & Kitchen,Furniture,₹3061.54,10.57,SUP0009
PROD00300,Academic Item 300,BOOKS,Academic,-1411.72,20.35,SUP0031
PROD00301,Decor Item 301,Home & Kitchen,decor,12178.74,15.16,SUP0037
PROD00302,decor item 302,Home & Kitchen,Decor,11654.95,23.92,SUP0056
PROD00303,Children Item 303,Books,Children,701.39,6.72,SUP0042
PROD00304,APPLIANCES ITEM 304,home & kitchen,APPLIANCES,2634.67,18.61,SUP0048
PROD00305,Cameras Item 305,electronics,Cameras,33131.81,16.39,SUP0057
PROD00306,Beverages Item 306,Grocery,BEVERAGES,1002.05,24.38,SUP0035
PROD00307,Children Item 307,books,CHILDREN,1094.1,7.78,SUP0023
PROD00308,Decor Item 308,Home & Kitchen,Decor,306.75,13.4,SUP0045
PROD00309,Cameras Item 309,Electronics,Cameras,47978.9,6.28,SUP0046
PROD00310,cookware item 310,home & kitchen,COOKWARE,11503.39,18.59,SUP0052
PROD00311,footwear item 311,FASHION,footwear,2385.65,24.24,SUP0002
PROD00312,Comics Item 312,BOOKS,COMICS,691.31,24.95,SUP0030
PROD00313,Men Clothing Item 313,fashion,Men Clothing,2083.62,0.36,SUP0003
PROD00314,Beverages Item 314,grocery,Beverages,1161.07,17.05,SUP0020
PROD00315,Children Item 315,BOOKS,Children,1740.81,2.87,SUP0041
PROD00316,fitness item 316,SPORTS,Fitness,6969.36,19.28,SUP0016
PROD00317,Fiction Item 317,Books,Fiction,541.31,19.72,SUP0049
PROD00318,Cameras Item 318,Electronics,Cameras,21810.97,4.78,SUP0012
PROD00319,yoga item 319,SPORTS,Yoga,5507.74,12.67,SUP0047
PROD00320,Outdoor Item 320,Sports,OUTDOOR,2060.72,3.9,SUP0019
PROD00321,Fitness Item 321,Sports,Fitness,"1249.14,00",16.06,SUP0025
PROD00322,Cookware Item 322,Home & Kitchen,Cookware,1202.48,2.04,SUP0052
PROD00323,STAPLES ITEM 323,Grocery,Staples,802.95,5.44,SUP0034
PROD00324,Women Clothing Item 324,Fashion,Women Clothing,1394.06,15.98,SUP0023
PROD00325,Laptops Item 325,Electronics,Laptops,47651.47,22.57,SUP0036
PROD00326,Comics Item 326,Books,Comics,1145.0,9.03,SUP0029
PROD00327,Appliances Item 327,home & kitchen,Appliances,13371.32,19.3,SUP0040
PROD00328,Yoga Item 328,Sports,Yoga,1556.4,5.86,SUP0052
PROD00329,MEN CLOTHING ITEM 329,Fashion,Men Clothing,4005.94,14.9,SUP0020
PROD00330,Headphones Item 330,Electronics,HEADPHONES,21201.85,15.08,SUP0001
PROD00331,Fitness Item 331,Sports,fitness,1701.34,24.28,SUP0049
PROD00332,STORAGE ITEM 332,HOME & KITCHEN,Storage,7216.44,10.89,SUP0045
PROD00333,Personal Care Item 333,GROCERY,Personal Care,1108.79,8.12,SUP0060
PROD00334,DECOR ITEM 334,HOME & KITCHEN,Decor,9882.84,20.08,SUP0040
PROD00335,FOOTWEAR ITEM 335,Fashion,FOOTWEAR,3696.74,20.82,SUP0019
PROD00336,Personal Care Item 336,Grocery,Personal Care,321.63,18.26,SUP0010
PROD00337,Children Item 337,Books,Children,199.92,0.26,SUP0025
PROD00338,Cookware Item 338,HOME & KITCHEN,cookware,9793.76,7.92,SUP0056
PROD00339,Dairy Item 339,Grocery,Dairy,803.53,8.7,SUP0023
PROD00340,Team Sports Item 340,Sports,TEAM SPORTS,8185.61,7.04,SUP0010
PROD00341,Comics Item 341,Books,comics,1188.08,7.84,SUP0039
PROD00342,Bags Item 342,Fashion,Bags,4040.5,24.89,SUP0003
PROD00343,Footwear Item 343,Fashion,Footwear,₹2758.22,8.0,SUP0003
PROD00344,academic item 344,Books,Academic,1271.82,15.33,SUP0039
PROD00345,COMICS ITEM 345,Books,COMICS,835.56,4.14,SUP0015
PROD00346,Storage Item 346,Home & Kitchen,storage,3162.08,15.45,SUP0045
PROD00347,Snacks Item 347,Grocery,Snacks,603.34,16.05,SUP0046
PROD00348,Laptops Item 348,Electronics,laptops,"31362.81,00",7.31,SUP0026
PROD00349,Watches Item 349,Fashion,Watches,4611.36,12.54,SUP0012
PROD00350,Watches Item 350,Fashion,watches,2364.25,6.29,SUP0045
PROD00351,Fiction Item 351,Books,Fiction,1480.79,15.32,SUP0011
PROD00352,Appliances Item 352,Home & Kitchen,APPLIANCES,2557.54,18.27,SUP0042
PROD00353,Women Clothing Item 353,Fashion,Women Clothing,3873.9,12.36,SUP0014
PROD00354,Accessories Item 354,ELECTRONICS,ACCESSORIES,"36206.08,00",3.75,SUP0042
PROD00355,Yoga Item 355,Sports,Yoga,1946.83,17.3,SUP0039
PROD00356,children item 356,BOOKS,Children,1658.32,21.09,SUP0005
PROD00357,Decor Item 357,Home & Kitchen,Decor,10483.07,24.68,SUP0031
PROD00358,Academic Item 358,Books,academic,1861.43,12.44,SUP0047
PROD00359,Outdoor Item 359,Sports,Outdoor,6329.52,20.0,SUP0027
PROD00360,Non-Fiction Item 360,Books,Non-Fiction,1062.22,0.2,SUP0044
PROD00361,Laptops Item 361,Electronics,Laptops,12043.93,3.93,SUP0030
PROD00362,Snacks Item 362,GROCERY,SNACKS,486.94,20.0,SUP0057
PROD00363,Headphones Item 363,Electronics,headphones,59025.32,18.8,SUP0046
PROD00364,Cameras Item 364,Electronics,CAMERAS,52684.4,0.98,SUP0013
PROD00365,Dairy Item 365,Grocery,DAIRY,1313.34,2.5,SUP0003
PROD00366,Fiction Item 366,BOOKS,Fiction,1405.09,2.22,SUP0030
PROD00367,ACADEMIC ITEM 367,BOOKS,academic,643.76,19.33,SUP0043
PROD00368,ACCESSORIES ITEM 368,Electronics,Accessories,33797.73,14.37,SUP0011
PROD00369,Snacks Item 369,Grocery,Snacks,176.77,14.92,SUP0038
PROD00370,Decor Item 370,Home & Kitchen,Decor,11412.28,14.22,SUP0006
PROD00371,staples item 371,Grocery,Staples,362.91,22.83,SUP0026
PROD00372,STORAGE ITEM 372,Home & Kitchen,Storage,1826.37,14.39,SUP0033
PROD00373,APPLIANCES ITEM 373,home & kitchen,Appliances,8061.27,24.35,SUP0025
PROD00374,Personal Care Item 374,Grocery,Personal Care,276.17,20.93,SUP0008
PROD00375,BEVERAGES ITEM 375,Grocery,Beverages,1034.55,16.14,SUP0004
PROD00376,Fiction Item 376,Books,Fiction,949.05,21.94,SUP0020
PROD00377,STAPLES ITEM 377,Grocery,Staples,-775.43,22.53,SUP0042
PROD00378,cookware item 378,home & kitchen,COOKWARE,3643.33,9.57,SUP0035
PROD00379,Cycling Item 379,Sports,Cycling,₹8752.81,16.23,SUP0010
PROD00380,Men Clothing Item 380,Fashion,Men Clothing,4068.52,11.39,SUP0028
PROD00381,WATCHES ITEM 381,Fashion,Watches,2974.1,9.21,SUP0003
PROD00382,Cycling Item 382,SPORTS,Cycling,8621.64,12.95,SUP0034
PROD00383,Fiction Item 383,Books,Fiction,₹1116.1,11.38,SUP0058
PROD00384,DECOR ITEM 384,Home & Kitchen,Decor,9024.9,14.47,SUP0037
PROD00385,Fitness Item 385,Sports,Fitness,2922.92,21.45,SUP0001
PROD00386,NON-FICTION ITEM 386,BOOKS,Non-Fiction,442.72,0.88,SUP0003
PROD00387,Watches Item 387,Fashion,WATCHES,2182.15,21.05,SUP0004
PROD00388,Watches Item 388,Fashion,watches,1646.56,11.89,SUP0010
PROD00389,Personal Care Item 389,grocery,personal care,80.71,10.82,SUP0059
PROD00390,Headphones Item 390,Electronics,HEADPHONES,39433.43,8.47,SUP0045
PROD00391,MOBILES ITEM 391,Electronics,Mobiles,1211.7,0.64,SUP0006
PROD00392,bags item 392,FASHION,bags,3598.76,14.17,SUP0042
PROD00393,storage item 393,HOME & KITCHEN,Storage,6883.64,19.26,SUP0017
PROD00394,Personal Care Item 394,GROCERY,Personal Care,411.7,15.28,SUP0012
PROD00395,Beverages Item 395,GROCERY,Beverages,403.31,19.44,SUP0002
PROD00396,Cameras Item 396,Electronics,CAMERAS,16352.97,10.93,SUP0055
PROD00397,Men Clothing Item 397,Fashion,MEN CLOTHING,3508.45,7.61,SUP0004
PROD00398,Team Sports Item 398,SPORTS,Team Sports,1930.86,4.82,SUP0045
PROD00399,Snacks Item 399,Grocery,Snacks,72.83,9.75,SUP0051
PROD00400,Snacks Item 400,Grocery,Snacks,83.37,11.49,SUP0044
PROD00401,Men Clothing Item 401,Fashion,Men Clothing,879.63,3.31,SUP0012
PROD00402,Cameras Item 402,Electronics,Cameras,36867.94,1.62,SUP0013
PROD00403,COMICS ITEM 403,books,Comics,1606.69,14.85,SUP0022
PROD00404,Footwear Item 404,FASHION,FOOTWEAR,2305.57,19.45,SUP0002
PROD00405,accessories item 405,electronics,Accessories,53271.45,13.1,SUP0027
PROD00406,Outdoor Item 406,Sports,Outdoor,3151.76,4.84,SUP0034
PROD00407,Yoga Item 407,sports,Yoga,2098.45,24.22,SUP0031
PROD00408,headphones item 408,ELECTRONICS,Headphones,17461.34,23.13,SUP0012
PROD00409,laptops item 409,Electronics,laptops,43423.48,8.19,SUP0007
PROD00410,men clothing item 410,Fashion,men clothing,2525.16,3.45,SUP0047
PROD00411,Furniture Item 411,Home & Kitchen,Furniture,4316.97,5.54,SUP0019
PROD00412,outdoor item 412,Sports,Outdoor,5313.33,11.86,SUP0030
PROD00413,Women Clothing Item 413,Fashion,Women Clothing,₹2981.44,24.51,SUP0003
PROD00414,Dairy Item 414,GROCERY,dairy,165.04,17.34,SUP0027
PROD00415,Fiction Item 415,Books,Fiction,1208.54,11.62,SUP0009
PROD00416,Storage Item 416,Home & Kitchen,Storage,9465.48,18.83,SUP0045
PROD00417,Fiction Item 417,Books,fiction,,9.6,SUP0030
PROD00418,Fitness Item 418,sports,Fitness,5488.41,18.82,SUP0056
PROD00419,Footwear Item 419,Fashion,Footwear,1483.32,13.19,SUP0008
PROD00420,Storage Item 420,home & kitchen,Storage,14188.68,11.47,SUP0006
PROD00421,Mobiles Item 421,ELECTRONICS,Mobiles,₹10303.59,10.44,SUP0044
PROD00422,Snacks Item 422,Grocery,Snacks,363.85,8.6,SUP0042
PROD00423,Yoga Item 423,SPORTS,yoga,1883.02,24.27,SUP0050
PROD00424,BAGS ITEM 424,Fashion,Bags,3616.7,3.88,SUP0016
PROD00425,Staples Item 425,Grocery,Staples,1005.02,24.39,SUP0035
PROD00426,beverages item 426,Grocery,Beverages,1455.82,7.42,SUP0058
PROD00427,Outdoor Item 427,Sports,Outdoor,"1300.69,00",16.97,SUP0008
PROD00428,Staples Item 428,Grocery,Staples,883.48,0.61,SUP0035
PROD00429,Cycling Item 429,SPORTS,Cycling,9102.78,21.35,SUP0024
PROD00430,Storage Item 430,Home & Kitchen,Storage,10958.62,20.15,SUP0003
PROD00431,YOGA ITEM 431,Sports,yoga,9869.06,18.92,SUP0006
PROD00432,Bags Item 432,Fashion,Bags,2926.0,20.58,SUP0020
PROD00433,beverages item 433,Grocery,Beverages,1434.92,22.32,SUP0027
PROD00434,Mobiles Item 434,Electronics,MOBILES,46000.74,6.48,SUP0044
PROD00435,Yoga Item 435,Sports,Yoga,4718.23,1.37,SUP0024
PROD00436,Decor Item 436,Home & Kitchen,Decor,7780.92,13.62,SUP0056
PROD00437,decor item 437,home & kitchen,Decor,12376.23,8.54,SUP0059
PROD00438,BAGS ITEM 438,FASHION,BAGS,4190.8,11.54,SUP0005
PROD00439,Decor Item 439,home & kitchen,Decor,6712.78,7.65,SUP0048
PROD00440,WOMEN CLOTHING ITEM 440,FASHION,Women Clothing,₹1207.24,12.13,SUP0028
PROD00441,Yoga Item 441,sports,Yoga,6742.35,23.01,SUP0014
PROD00442,Mobiles Item 442,ELECTRONICS,Mobiles,9160.64,15.34,SUP0033
PROD00443,Accessories Item 443,Electronics,Accessories,13411.39,5.39,SUP0033
PROD00444,WATCHES ITEM 444,FASHION,WATCHES,715.16,19.05,SUP0021
PROD00445,decor item 445,Home & Kitchen,Decor,5022.51,24.41,SUP0029
PROD00446,Beverages Item 446,Grocery,BEVERAGES,1409.84,16.82,SUP0026
PROD00447,Watches Item 447,Fashion,watches,3034.67,8.5,SUP0039
PROD00448,Personal Care Item 448,Grocery,Personal Care,424.0,11.92,SUP0039
PROD00449,WATCHES ITEM 449,fashion,Watches,,1.75,SUP0044
PROD00450,Furniture Item 450,home & kitchen,Furniture,11438.55,7.37,SUP0032
PROD00451,YOGA ITEM 451,Sports,Yoga,1367.51,11.09,SUP0003
PROD00452,Furniture Item 452,Home & Kitchen,furniture,10778.49,17.15,SUP0037
PROD00453,Cameras Item 453,Electronics,Cameras,-16171.76,14.78,SUP0009
PROD00454,Headphones Item 454,ELECTRONICS,Headphones,23144.12,7.84,SUP0006
PROD00455,FURNITURE ITEM 455,Home & Kitchen,Furniture,6994.5,17.41,SUP0038
PROD00456,Appliances Item 456,Home & Kitchen,Appliances,10409.33,4.21,SUP0020
PROD00457,ACCESSORIES ITEM 457,Electronics,ACCESSORIES,13237.77,17.96,SUP0038
PROD00458,Cycling Item 458,Sports,Cycling,5145.47,7.87,SUP0027
PROD00459,Outdoor Item 459,Sports,Outdoor,5092.2,23.46,SUP0018
PROD00460,Dairy Item 460,Grocery,DAIRY,704.48,21.11,SUP0027
PROD00461,Watches Item 461,Fashion,Watches,1577.81,0.74,SUP0052
PROD00462,PERSONAL CARE ITEM 462,Grocery,Personal Care,221.92,4.44,SUP0055
PROD00463,Mobiles Item 463,ELECTRONICS,MOBILES,19177.33,9.95,SUP0054
PROD00464,Children Item 464,Books,Children,577.69,5.99,SUP0008
PROD00465,Comics Item 465,Books,Comics,506.02,10.24,SUP0056
PROD00466,HEADPHONES ITEM 466,Electronics,Headphones,32971.83,9.23,SUP0020
PROD00467,Fiction Item 467,books,Fiction,1921.08,20.32,SUP0008
PROD00468,Cameras Item 468,Electronics,Cameras,55686.69,4.05,SUP0029
PROD00469,Snacks Item 469,Grocery,Snacks,747.7,10.59,SUP0059
PROD00470,Fitness Item 470,Sports,FITNESS,,16.06,SUP0041
PROD00471,Footwear Item 471,Fashion,Footwear,594.71,21.18,SUP0044
PROD00472,Non-Fiction Item 472,Books,NON-FICTION,886.96,21.92,SUP0040
PROD00473,Accessories Item 473,ELECTRONICS,Accessories,39002.85,10.06,SUP0028
PROD00474,Bags Item 474,Fashion,bags,3649.2,17.85,SUP0013
PROD00475,COMICS ITEM 475,books,comics,1480.47,4.55,SUP0051
PROD00476,cycling item 476,Sports,Cycling,301.14,17.34,SUP0044
PROD00477,Team Sports Item 477,Sports,TEAM SPORTS,4815.14,16.79,SUP0052
PROD00478,Appliances Item 478,Home & Kitchen,Appliances,6011.25,6.54,SUP0033
PROD00479,Headphones Item 479,electronics,Headphones,42760.21,7.06,SUP0024
PROD00480,Team Sports Item 480,SPORTS,TEAM SPORTS,5014.49,23.08,SUP0041
PROD00481,Women Clothing Item 481,Fashion,WOMEN CLOTHING,"1449.08,00",8.95,SUP0046
PROD00482,non-fiction item 482,Books,NON-FICTION,1066.11,22.28,SUP0038
PROD00483,Outdoor Item 483,Sports,OUTDOOR,8896.2,17.03,SUP0026
PROD00484,Furniture Item 484,Home & Kitchen,Furniture,10659.44,8.27,SUP0003
PROD00485,Children Item 485,books,Children,1512.96,15.08,SUP0006
PROD00486,Snacks Item 486,Grocery,Snacks,615.55,7.5,SUP0052
PROD00487,CHILDREN ITEM 487,Books,Children,1782.17,14.1,SUP0028
PROD00488,Watches Item 488,Fashion,watches,646.15,23.27,SUP0034
PROD00489,Snacks Item 489,Grocery,Snacks,209.13,7.42,SUP0004
PROD00490,Cycling Item 490,sports,cycling,3683.48,0.46,SUP0048
PROD00491,Snacks Item 491,Grocery,snacks,889.07,6.66,SUP0042
PROD00492,Accessories Item 492,Electronics,Accessories,15929.4,11.53,SUP0026
PROD00493,staples item 493,Grocery,Staples,1017.23,3.17,SUP0001
PROD00494,MEN CLOTHING ITEM 494,Fashion,MEN CLOTHING,3313.39,7.56,SUP0030
PROD00495,WATCHES ITEM 495,Fashion,Watches,2463.15,1.32,SUP0001
PROD00496,Personal Care Item 496,Grocery,personal care,450.35,15.31,SUP0044
PROD00497,Accessories Item 497,Electronics,ACCESSORIES,1631.67,15.59,SUP0042
PROD00498,FURNITURE ITEM 498,home & kitchen,Furniture,7688.39,17.89,SUP0030
PROD00499,staples item 499,Grocery,Staples,940.33,3.27,SUP0013
PROD00500,STAPLES ITEM 500,GROCERY,Staples,551.0,21.49,SUP0033
PROD00501,Outdoor Item 501,Sports,Outdoor,3681.36,6.72,SUP0010
PROD00502,MOBILES ITEM 502,Electronics,Mobiles,55634.61,19.56,SUP0040
PROD00503,Men Clothing Item 503,Fashion,MEN CLOTHING,4572.73,2.53,SUP0042
PROD00504,Watches Item 504,Fashion,Watches,3892.25,6.69,SUP0046
PROD00505,Bags Item 505,Fashion,Bags,1295.27,19.88,SUP0024
PROD00506,children item 506,Books,Children,215.85,16.52,SUP0042
PROD00507,children item 507,Books,Children,1470.67,8.64,SUP0053
PROD00508,Comics Item 508,Books,COMICS,1424.89,19.55,SUP0026
PROD00509,Team Sports Item 509,sports,TEAM SPORTS,5499.74,7.84,SUP0022
PROD00510,Yoga Item 510,SPORTS,Yoga,5151.69,6.53,SUP0033
PROD00511,Cameras Item 511,Electronics,cameras,18228.69,22.36,SUP0041
PROD00512,Decor Item 512,Home & Kitchen,DECOR,8655.57,12.94,SUP0013
PROD00513,Comics Item 513,Books,Comics,947.16,13.18,SUP0038
PROD00514,Cycling Item 514,SPORTS,Cycling,7370.83,12.67,SUP0032
PROD00515,FITNESS ITEM 515,Sports,FITNESS,5678.46,21.32,SUP0008
PROD00516,Men Clothing Item 516,fashion,men clothing,4956.9,1.26,SUP0058
PROD00517,Comics Item 517,Books,Comics,687.74,8.48,SUP0025
PROD00518,bags item 518,Fashion,Bags,3856.06,15.61,SUP0025
PROD00519,Comics Item 519,BOOKS,Comics,1612.5,14.05,SUP0008
PROD00520,YOGA ITEM 520,Sports,yoga,5125.86,13.32,SUP0042
PROD00521,CHILDREN ITEM 521,Books,Children,₹1737.61,10.95,SUP0027
PROD00522,Mobiles Item 522,Electronics,MOBILES,58797.27,16.98,SUP0004
PROD00523,Headphones Item 523,electronics,Headphones,23701.41,5.1,SUP0049
PROD00524,cycling item 524,Sports,Cycling,841.49,22.85,SUP0002
PROD00525,Bags Item 525,Fashion,Bags,802.74,3.6,SUP0035
PROD00526,dairy item 526,grocery,Dairy,₹1247.47,23.34,SUP0031
PROD00527,Furniture Item 527,Home & Kitchen,Furniture,825.45,3.12,SUP0009
PROD00528,Bags Item 528,Fashion,Bags,4049.87,6.86,SUP0043
PROD00529,Team Sports Item 529,Sports,Team Sports,4869.98,10.36,SUP0058
PROD00530,mobiles item 530,Electronics,Mobiles,32549.64,15.05,SUP0025
PROD00531,Mobiles Item 531,Electronics,Mobiles,28030.21,8.98,SUP0006
PROD00532,Women Clothing Item 532,Fashion,Women Clothing,₹4843.02,24.61,SUP0041
PROD00533,Beverages Item 533,Grocery,Beverages,1029.93,1.67,SUP0017
PROD00534,Academic Item 534,Books,Academic,579.8,11.38,SUP0040
PROD00535,storage item 535,Home & Kitchen,Storage,"1957.51,00",18.04,SUP0004
PROD00536,cameras item 536,Electronics,CAMERAS,12079.18,1.91,SUP0016
PROD00537,Fiction Item 537,BOOKS,Fiction,1696.8,11.87,SUP0042
PROD00538,Men Clothing Item 538,Fashion,Men Clothing,-3173.92,0.88,SUP0021
PROD00539,Cameras Item 539,electronics,Cameras,3759.94,10.07,SUP0040
PROD00540,Children Item 540,Books,CHILDREN,744.61,19.58,SUP0030
PROD00541,Accessories Item 541,electronics,Accessories,42941.31,12.06,SUP0040
PROD00542,Laptops Item 542,electronics,Laptops,19044.18,3.73,SUP0020
PROD00543,Yoga Item 543,Sports,Yoga,5682.61,24.41,SUP0041
PROD00544,COMICS ITEM 544,Books,Comics,1929.79,10.5,SUP0011
PROD00545,Beverages Item 545,grocery,beverages,710.47,20.38,SUP0052
PROD00546,HEADPHONES ITEM 546,electronics,headphones,1088.58,9.03,SUP0003
PROD00547,Furniture Item 547,Home & Kitchen,Furniture,₹2801.34,16.95,SUP0025
PROD00548,FOOTWEAR ITEM 548,FASHION,Footwear,1974.28,10.87,SUP0046
PROD00549,Women Clothing Item 549,Fashion,Women Clothing,3532.9,14.7,SUP0055
PROD00550,headphones item 550,Electronics,Headphones,52434.66,16.6,SUP0005
PROD00551,Team Sports Item 551,Sports,Team Sports,7006.19,6.74,SUP0026
PROD00552,Women Clothing Item 552,FASHION,WOMEN CLOTHING,2369.98,21.07,SUP0017
PROD00553,dairy item 553,GROCERY,Dairy,939.27,20.12,SUP0021
PROD00554,Cookware Item 554,Home & Kitchen,Cookware,12662.66,2.51,SUP0005
PROD00555,Academic Item 555,Books,ACADEMIC,1247.27,21.38,SUP0046
PROD00556,Decor Item 556,Home & Kitchen,decor,6146.6,12.84,SUP0049
PROD00557,Non-Fiction Item 557,Books,Non-Fiction,976.12,7.86,SUP0013
PROD00558,Personal Care Item 558,Grocery,Personal Care,1313.15,16.49,SUP0023
PROD00559,Dairy Item 559,Grocery,Dairy,67.67,14.23,SUP0052
PROD00560,BEVERAGES ITEM 560,Grocery,BEVERAGES,722.67,7.65,SUP0011
PROD00561,Children Item 561,BOOKS,Children,542.01,1.8,SUP0004
PROD00562,Personal Care Item 562,Grocery,Personal Care,727.81,3.29,SUP0014
PROD00563,Bags Item 563,Fashion,Bags,1689.51,11.17,SUP0053
PROD00564,Cycling Item 564,Sports,Cycling,8833.74,17.81,SUP0020
PROD00565,beverages item 565,Grocery,beverages,589.3,17.48,SUP0003
PROD00566,CHILDREN ITEM 566,BOOKS,Children,1037.12,13.84,SUP0024
PROD00567,Storage Item 567,home & kitchen,STORAGE,7665.06,9.56,SUP0048
PROD00568,COOKWARE ITEM 568,Home & Kitchen,Cookware,10103.89,17.85,SUP0029
PROD00569,Men Clothing Item 569,fashion,MEN CLOTHING,₹1050.74,6.87,SUP0029
PROD00570,Children Item 570,Books,CHILDREN,1460.9,9.8,SUP0020
PROD00571,BEVERAGES ITEM 571,Grocery,BEVERAGES,155.25,4.84,SUP0043
PROD00572,Non-Fiction Item 572,BOOKS,non-fiction,1290.52,23.36,SUP0026
PROD00573,DECOR ITEM 573,Home & Kitchen,Decor,4846.17,16.27,SUP0024
PROD00574,Cycling Item 574,Sports,Cycling,8534.56,15.02,SUP0003
PROD00575,Non-Fiction Item 575,Books,Non-Fiction,1015.53,15.23,SUP0038
PROD00576,YOGA ITEM 576,Sports,yoga,1415.75,6.13,SUP0006
PROD00577,Watches Item 577,FASHION,Watches,381.95,6.99,SUP0042
PROD00578,Staples Item 578,Grocery,Staples,527.24,24.71,SUP0052
PROD00579,DAIRY ITEM 579,grocery,Dairy,1307.4,3.58,SUP0014
PROD00580,Women Clothing Item 580,Fashion,women clothing,2245.95,7.61,SUP0037
PROD00581,Snacks Item 581,GROCERY,Snacks,716.66,3.94,SUP0042
PROD00582,Headphones Item 582,Electronics,headphones,35913.41,15.17,SUP0005
PROD00583,Men Clothing Item 583,Fashion,MEN CLOTHING,2603.36,9.36,SUP0032
PROD00584,Mobiles Item 584,Electronics,MOBILES,23397.15,12.76,SUP0032
PROD00585,Personal Care Item 585,Grocery,PERSONAL CARE,1223.43,16.15,SUP0017
PROD00586,Bags Item 586,Fashion,bags,3380.5,17.67,SUP0003
PROD00587,Beverages Item 587,Grocery,BEVERAGES,1452.17,10.32,SUP0057
PROD00588,TEAM SPORTS ITEM 588,Sports,Team Sports,7050.29,12.32,SUP0007
PROD00589,academic item 589,books,Academic,444.95,11.29,SUP0053
PROD00590,footwear item 590,Fashion,Footwear,4383.75,2.19,SUP0008
PROD00591,Personal Care Item 591,Grocery,Personal Care,1132.66,2.47,SUP0034
PROD00592,Storage Item 592,Home & Kitchen,Storage,6527.39,23.53,SUP0043
PROD00593,Cookware Item 593,Home & Kitchen,Cookware,6116.85,13.29,SUP0040
PROD00594,Cycling Item 594,Sports,Cycling,9430.99,21.84,SUP0003
PROD00595,CYCLING ITEM 595,Sports,Cycling,9328.54,21.43,SUP0058
PROD00596,Non-Fiction Item 596,Books,Non-Fiction,1045.56,20.82,SUP0036
PROD00597,Cameras Item 597,Electronics,Cameras,39927.21,17.91,SUP0011
PROD00598,Furniture Item 598,Home & Kitchen,Furniture,14279.83,12.32,SUP0051
PROD00599,fitness item 599,sports,fitness,3940.17,21.41,SUP0052
PROD00600,MOBILES ITEM 600,ELECTRONICS,Mobiles,20744.15,9.54,SUP0048
PROD00450,Furniture Item 450,home & kitchen,Furniture,11438.55,7.37,SUP0032
PROD00142,appliances item 142,Home & Kitchen,Appliances,10243.47,17.84,SUP0006
PROD00132,Outdoor Item 132,Sports,Outdoor,7256.12,5.79,SUP0037
PROD00312,Comics Item 312,BOOKS,COMICS,691.31,24.95,SUP0030
PROD00177,BAGS ITEM 177,FASHION,Bags,3014.9,23.84,SUP0016
PROD00135,Cookware Item 135,Home & Kitchen,cookware,9305.31,0.35,SUP0034
PROD00552,Women Clothing Item 552,FASHION,WOMEN CLOTHING,2369.98,21.07,SUP0017
PROD00153,Mobiles Item 153,Electronics,Mobiles,49963.41,2.49,SUP0047
